: , RegressionTest2::test1001 , RegressionTest2::test1002 , RegressionTest2::test1003 , RegressionTest2::test1004 , RegressionTest2::test1005 , RegressionTest2::test1006 , RegressionTest2::test1007 , RegressionTest2::test1008 , RegressionTest2::test1009 , RegressionTest2::test1010 , RegressionTest2::test1011 , RegressionTest2::test1012 , RegressionTest2::test1013 , RegressionTest2::test1014 , RegressionTest2::test1015 , RegressionTest2::test1016 , RegressionTest2::test1017 , RegressionTest2::test1018 , RegressionTest2::test1019 , RegressionTest2::test1020 , RegressionTest2::test1021 , RegressionTest2::test1022 , RegressionTest2::test1023 , RegressionTest2::test1024 , RegressionTest2::test1025 , RegressionTest2::test1026 , RegressionTest2::test1027 , RegressionTest2::test1028 , RegressionTest2::test1029 , RegressionTest2::test1030 , RegressionTest2::test1031 , RegressionTest2::test1032 , RegressionTest2::test1033 , RegressionTest2::test1034 , RegressionTest2::test1035 , RegressionTest2::test1036 , RegressionTest2::test1037 , RegressionTest2::test1038 , RegressionTest2::test1039 , RegressionTest2::test1040 , RegressionTest2::test1041 , RegressionTest2::test1042 , RegressionTest2::test1043 , RegressionTest2::test1044 , RegressionTest2::test1045 , RegressionTest2::test1046 , RegressionTest2::test1047 , RegressionTest2::test1048 , RegressionTest2::test1049 , RegressionTest2::test1050 , RegressionTest2::test1051 , RegressionTest2::test1052 , RegressionTest2::test1053 , RegressionTest2::test1054 , RegressionTest2::test1055 , RegressionTest2::test1056 , RegressionTest2::test1057 , RegressionTest2::test1058 , RegressionTest2::test1059 , RegressionTest2::test1060 , RegressionTest2::test1061 , RegressionTest2::test1062 , RegressionTest2::test1063 , RegressionTest2::test1064 , RegressionTest2::test1065 , RegressionTest2::test1066 , RegressionTest2::test1067 , RegressionTest2::test1068 , RegressionTest2::test1069 , RegressionTest2::test1070 , RegressionTest2::test1071 , RegressionTest2::test1072 , RegressionTest2::test1073 , RegressionTest2::test1074 , RegressionTest2::test1075 , RegressionTest2::test1076 , RegressionTest2::test1077 , RegressionTest2::test1078 , RegressionTest2::test1079 , RegressionTest0::test0001 , RegressionTest0::test0002 , RegressionTest0::test0003 , RegressionTest0::test0004 , RegressionTest0::test0005 , RegressionTest0::test0006 , RegressionTest0::test0007 , RegressionTest0::test0008 , RegressionTest0::test0009 , RegressionTest0::test0010 , RegressionTest0::test0011 , RegressionTest0::test0012 , RegressionTest0::test0013 , RegressionTest0::test0014 , RegressionTest0::test0015 , RegressionTest0::test0016 , RegressionTest0::test0017 , RegressionTest0::test0018 , RegressionTest0::test0019 , RegressionTest0::test0020 , RegressionTest0::test0021 , RegressionTest0::test0022 , RegressionTest0::test0023 , RegressionTest0::test0024 , RegressionTest0::test0025 , RegressionTest0::test0026 , RegressionTest0::test0027 , RegressionTest0::test0028 , RegressionTest0::test0029 , RegressionTest0::test0030 , RegressionTest0::test0031 , RegressionTest0::test0032 , RegressionTest0::test0033 , RegressionTest0::test0034 , RegressionTest0::test0035 , RegressionTest0::test0036 , RegressionTest0::test0037 , RegressionTest0::test0038 , RegressionTest0::test0039 , RegressionTest0::test0040 , RegressionTest0::test0041 , RegressionTest0::test0042 , RegressionTest0::test0043 , RegressionTest0::test0044 , RegressionTest0::test0045 , RegressionTest0::test0046 , RegressionTest0::test0047 , RegressionTest0::test0048 , RegressionTest0::test0049 , RegressionTest0::test0050 , RegressionTest0::test0051 , RegressionTest0::test0052 , RegressionTest0::test0053 , RegressionTest0::test0054 , RegressionTest0::test0055 , RegressionTest0::test0056 , RegressionTest0::test0057 , RegressionTest0::test0058 , RegressionTest0::test0059 , RegressionTest0::test0060 , RegressionTest0::test0061 , RegressionTest0::test0062 , RegressionTest0::test0063 , RegressionTest0::test0064 , RegressionTest0::test0065 , RegressionTest0::test0066 , RegressionTest0::test0067 , RegressionTest0::test0068 , RegressionTest0::test0069 , RegressionTest0::test0070 , RegressionTest0::test0071 , RegressionTest0::test0072 , RegressionTest0::test0073 , RegressionTest0::test0074 , RegressionTest0::test0075 , RegressionTest0::test0076 , RegressionTest0::test0077 , RegressionTest0::test0078 , RegressionTest0::test0079 , RegressionTest0::test0080 , RegressionTest0::test0081 , RegressionTest0::test0082 , RegressionTest0::test0083 , RegressionTest0::test0084 , RegressionTest0::test0085 , RegressionTest0::test0086 , RegressionTest0::test0087 , RegressionTest0::test0088 , RegressionTest0::test0089 , RegressionTest0::test0090 , RegressionTest0::test0091 , RegressionTest0::test0092 , RegressionTest0::test0093 , RegressionTest0::test0094 , RegressionTest0::test0095 , RegressionTest0::test0096 , RegressionTest0::test0097 , RegressionTest0::test0098 , RegressionTest0::test0099 , RegressionTest0::test0100 , RegressionTest0::test0101 , RegressionTest0::test0102 , RegressionTest0::test0103 , RegressionTest0::test0104 , RegressionTest0::test0105 , RegressionTest0::test0106 , RegressionTest0::test0107 , RegressionTest0::test0108 , RegressionTest0::test0109 , RegressionTest0::test0110 , RegressionTest0::test0111 , RegressionTest0::test0112 , RegressionTest0::test0113 , RegressionTest0::test0114 , RegressionTest0::test0115 , RegressionTest0::test0116 , RegressionTest0::test0117 , RegressionTest0::test0118 , RegressionTest0::test0119 , RegressionTest0::test0120 , RegressionTest0::test0121 , RegressionTest0::test0122 , RegressionTest0::test0123 , RegressionTest0::test0124 , RegressionTest0::test0125 , RegressionTest0::test0126 , RegressionTest0::test0127 , RegressionTest0::test0128 , RegressionTest0::test0129 , RegressionTest0::test0130 , RegressionTest0::test0131 , RegressionTest0::test0132 , RegressionTest0::test0133 , RegressionTest0::test0134 , RegressionTest0::test0135 , RegressionTest0::test0136 , RegressionTest0::test0137 , RegressionTest0::test0138 , RegressionTest0::test0139 , RegressionTest0::test0140 , RegressionTest0::test0141 , RegressionTest0::test0142 , RegressionTest0::test0143 , RegressionTest0::test0144 , RegressionTest0::test0145 , RegressionTest0::test0146 , RegressionTest0::test0147 , RegressionTest0::test0148 , RegressionTest0::test0149 , RegressionTest0::test0150 , RegressionTest0::test0151 , RegressionTest0::test0152 , RegressionTest0::test0153 , RegressionTest0::test0154 , RegressionTest0::test0155 , RegressionTest0::test0156 , RegressionTest0::test0157 , RegressionTest0::test0158 , RegressionTest0::test0159 , RegressionTest0::test0160 , RegressionTest0::test0161 , RegressionTest0::test0162 , RegressionTest0::test0163 , RegressionTest0::test0164 , RegressionTest0::test0165 , RegressionTest0::test0166 , RegressionTest0::test0167 , RegressionTest0::test0168 , RegressionTest0::test0169 , RegressionTest0::test0170 , RegressionTest0::test0171 , RegressionTest0::test0172 , RegressionTest0::test0173 , RegressionTest0::test0174 , RegressionTest0::test0175 , RegressionTest0::test0176 , RegressionTest0::test0177 , RegressionTest0::test0178 , RegressionTest0::test0179 , RegressionTest0::test0180 , RegressionTest0::test0181 , RegressionTest0::test0182 , RegressionTest0::test0183 , RegressionTest0::test0184 , RegressionTest0::test0185 , RegressionTest0::test0186 , RegressionTest0::test0187 , RegressionTest0::test0188 , RegressionTest0::test0189 , RegressionTest0::test0190 , RegressionTest0::test0191 , RegressionTest0::test0192 , RegressionTest0::test0193 , RegressionTest0::test0194 , RegressionTest0::test0195 , RegressionTest0::test0196 , RegressionTest0::test0197 , RegressionTest0::test0198 , RegressionTest0::test0199 , RegressionTest0::test0200 , RegressionTest0::test0201 , RegressionTest0::test0202 , RegressionTest0::test0203 , RegressionTest0::test0204 , RegressionTest0::test0205 , RegressionTest0::test0206 , RegressionTest0::test0207 , RegressionTest0::test0208 , RegressionTest0::test0209 , RegressionTest0::test0210 , RegressionTest0::test0211 , RegressionTest0::test0212 , RegressionTest0::test0213 , RegressionTest0::test0214 , RegressionTest0::test0215 , RegressionTest0::test0216 , RegressionTest0::test0217 , RegressionTest0::test0218 , RegressionTest0::test0219 , RegressionTest0::test0220 , RegressionTest0::test0221 , RegressionTest0::test0222 , RegressionTest0::test0223 , RegressionTest0::test0224 , RegressionTest0::test0225 , RegressionTest0::test0226 , RegressionTest0::test0227 , RegressionTest0::test0228 , RegressionTest0::test0229 , RegressionTest0::test0230 , RegressionTest0::test0231 , RegressionTest0::test0232 , RegressionTest0::test0233 , RegressionTest0::test0234 , RegressionTest0::test0235 , RegressionTest0::test0236 , RegressionTest0::test0237 , RegressionTest0::test0238 , RegressionTest0::test0239 , RegressionTest0::test0240 , RegressionTest0::test0241 , RegressionTest0::test0242 , RegressionTest0::test0243 , RegressionTest0::test0244 , RegressionTest0::test0245 , RegressionTest0::test0246 , RegressionTest0::test0247 , RegressionTest0::test0248 , RegressionTest0::test0249 , RegressionTest0::test0250 , RegressionTest0::test0251 , RegressionTest0::test0252 , RegressionTest0::test0253 , RegressionTest0::test0254 , RegressionTest0::test0255 , RegressionTest0::test0256 , RegressionTest0::test0257 , RegressionTest0::test0258 , RegressionTest0::test0259 , RegressionTest0::test0260 , RegressionTest0::test0261 , RegressionTest0::test0262 , RegressionTest0::test0263 , RegressionTest0::test0264 , RegressionTest0::test0265 , RegressionTest0::test0266 , RegressionTest0::test0267 , RegressionTest0::test0268 , RegressionTest0::test0269 , RegressionTest0::test0270 , RegressionTest0::test0271 , RegressionTest0::test0272 , RegressionTest0::test0273 , RegressionTest0::test0274 , RegressionTest0::test0275 , RegressionTest0::test0276 , RegressionTest0::test0277 , RegressionTest0::test0278 , RegressionTest0::test0279 , RegressionTest0::test0280 , RegressionTest0::test0281 , RegressionTest0::test0282 , RegressionTest0::test0283 , RegressionTest0::test0284 , RegressionTest0::test0285 , RegressionTest0::test0286 , RegressionTest0::test0287 , RegressionTest0::test0288 , RegressionTest0::test0289 , RegressionTest0::test0290 , RegressionTest0::test0291 , RegressionTest0::test0292 , RegressionTest0::test0293 , RegressionTest0::test0294 , RegressionTest0::test0295 , RegressionTest0::test0296 , RegressionTest0::test0297 , RegressionTest0::test0298 , RegressionTest0::test0299 , RegressionTest0::test0300 , RegressionTest0::test0301 , RegressionTest0::test0302 , RegressionTest0::test0303 , RegressionTest0::test0304 , RegressionTest0::test0305 , RegressionTest0::test0306 , RegressionTest0::test0307 , RegressionTest0::test0308 , RegressionTest0::test0309 , RegressionTest0::test0310 , RegressionTest0::test0311 , RegressionTest0::test0312 , RegressionTest0::test0313 , RegressionTest0::test0314 , RegressionTest0::test0315 , RegressionTest0::test0316 , RegressionTest0::test0317 , RegressionTest0::test0318 , RegressionTest0::test0319 , RegressionTest0::test0320 , RegressionTest0::test0321 , RegressionTest0::test0322 , RegressionTest0::test0323 , RegressionTest0::test0324 , RegressionTest0::test0325 , RegressionTest0::test0326 , RegressionTest0::test0327 , RegressionTest0::test0328 , RegressionTest0::test0329 , RegressionTest0::test0330 , RegressionTest0::test0331 , RegressionTest0::test0332 , RegressionTest0::test0333 , RegressionTest0::test0334 , RegressionTest0::test0335 , RegressionTest0::test0336 , RegressionTest0::test0337 , RegressionTest0::test0338 , RegressionTest0::test0339 , RegressionTest0::test0340 , RegressionTest0::test0341 , RegressionTest0::test0342 , RegressionTest0::test0343 , RegressionTest0::test0344 , RegressionTest0::test0345 , RegressionTest0::test0346 , RegressionTest0::test0347 , RegressionTest0::test0348 , RegressionTest0::test0349 , RegressionTest0::test0350 , RegressionTest0::test0351 , RegressionTest0::test0352 , RegressionTest0::test0353 , RegressionTest0::test0354 , RegressionTest0::test0355 , RegressionTest0::test0356 , RegressionTest0::test0357 , RegressionTest0::test0358 , RegressionTest0::test0359 , RegressionTest0::test0360 , RegressionTest0::test0361 , RegressionTest0::test0362 , RegressionTest0::test0363 , RegressionTest0::test0364 , RegressionTest0::test0365 , RegressionTest0::test0366 , RegressionTest0::test0367 , RegressionTest0::test0368 , RegressionTest0::test0369 , RegressionTest0::test0370 , RegressionTest0::test0371 , RegressionTest0::test0372 , RegressionTest0::test0373 , RegressionTest0::test0374 , RegressionTest0::test0375 , RegressionTest0::test0376 , RegressionTest0::test0377 , RegressionTest0::test0378 , RegressionTest0::test0379 , RegressionTest0::test0380 , RegressionTest0::test0381 , RegressionTest0::test0382 , RegressionTest0::test0383 , RegressionTest0::test0384 , RegressionTest0::test0385 , RegressionTest0::test0386 , RegressionTest0::test0387 , RegressionTest0::test0388 , RegressionTest0::test0389 , RegressionTest0::test0390 , RegressionTest0::test0391 , RegressionTest0::test0392 , RegressionTest0::test0393 , RegressionTest0::test0394 , RegressionTest0::test0395 , RegressionTest0::test0396 , RegressionTest0::test0397 , RegressionTest0::test0398 , RegressionTest0::test0399 , RegressionTest0::test0400 , RegressionTest0::test0401 , RegressionTest0::test0402 , RegressionTest0::test0403 , RegressionTest0::test0404 , RegressionTest0::test0405 , RegressionTest0::test0406 , RegressionTest0::test0407 , RegressionTest0::test0408 , RegressionTest0::test0409 , RegressionTest0::test0410 , RegressionTest0::test0411 , RegressionTest0::test0412 , RegressionTest0::test0413 , RegressionTest0::test0414 , RegressionTest0::test0415 , RegressionTest0::test0416 , RegressionTest0::test0417 , RegressionTest0::test0418 , RegressionTest0::test0419 , RegressionTest0::test0420 , RegressionTest0::test0421 , RegressionTest0::test0422 , RegressionTest0::test0423 , RegressionTest0::test0424 , RegressionTest0::test0425 , RegressionTest0::test0426 , RegressionTest0::test0427 , RegressionTest0::test0428 , RegressionTest0::test0429 , RegressionTest0::test0430 , RegressionTest0::test0431 , RegressionTest0::test0432 , RegressionTest0::test0433 , RegressionTest0::test0434 , RegressionTest0::test0435 , RegressionTest0::test0436 , RegressionTest0::test0437 , RegressionTest0::test0438 , RegressionTest0::test0439 , RegressionTest0::test0440 , RegressionTest0::test0441 , RegressionTest0::test0442 , RegressionTest0::test0443 , RegressionTest0::test0444 , RegressionTest0::test0445 , RegressionTest0::test0446 , RegressionTest0::test0447 , RegressionTest0::test0448 , RegressionTest0::test0449 , RegressionTest0::test0450 , RegressionTest0::test0451 , RegressionTest0::test0452 , RegressionTest0::test0453 , RegressionTest0::test0454 , RegressionTest0::test0455 , RegressionTest0::test0456 , RegressionTest0::test0457 , RegressionTest0::test0458 , RegressionTest0::test0459 , RegressionTest0::test0460 , RegressionTest0::test0461 , RegressionTest0::test0462 , RegressionTest0::test0463 , RegressionTest0::test0464 , RegressionTest0::test0465 , RegressionTest0::test0466 , RegressionTest0::test0467 , RegressionTest0::test0468 , RegressionTest0::test0469 , RegressionTest0::test0470 , RegressionTest0::test0471 , RegressionTest0::test0472 , RegressionTest0::test0473 , RegressionTest0::test0474 , RegressionTest0::test0475 , RegressionTest0::test0476 , RegressionTest0::test0477 , RegressionTest0::test0478 , RegressionTest0::test0479 , RegressionTest0::test0480 , RegressionTest0::test0481 , RegressionTest0::test0482 , RegressionTest0::test0483 , RegressionTest0::test0484 , RegressionTest0::test0485 , RegressionTest0::test0486 , RegressionTest0::test0487 , RegressionTest0::test0488 , RegressionTest0::test0489 , RegressionTest0::test0490 , RegressionTest0::test0491 , RegressionTest0::test0492 , RegressionTest0::test0493 , RegressionTest0::test0494 , RegressionTest0::test0495 , RegressionTest0::test0496 , RegressionTest0::test0497 , RegressionTest0::test0498 , RegressionTest0::test0499 , RegressionTest0::test0500 , RegressionTest1::test0501 , RegressionTest1::test0502 , RegressionTest1::test0503 , RegressionTest1::test0504 , RegressionTest1::test0505 , RegressionTest1::test0506 , RegressionTest1::test0507 , RegressionTest1::test0508 , RegressionTest1::test0509 , RegressionTest1::test0510 , RegressionTest1::test0511 , RegressionTest1::test0512 , RegressionTest1::test0513 , RegressionTest1::test0514 , RegressionTest1::test0515 , RegressionTest1::test0516 , RegressionTest1::test0517 , RegressionTest1::test0518 , RegressionTest1::test0519 , RegressionTest1::test0520 , RegressionTest1::test0521 , RegressionTest1::test0522 , RegressionTest1::test0523 , RegressionTest1::test0524 , RegressionTest1::test0525 , RegressionTest1::test0526 , RegressionTest1::test0527 , RegressionTest1::test0528 , RegressionTest1::test0529 , RegressionTest1::test0530 , RegressionTest1::test0531 , RegressionTest1::test0532 , RegressionTest1::test0533 , RegressionTest1::test0534 , RegressionTest1::test0535 , RegressionTest1::test0536 , RegressionTest1::test0537 , RegressionTest1::test0538 , RegressionTest1::test0539 , RegressionTest1::test0540 , RegressionTest1::test0541 , RegressionTest1::test0542 , RegressionTest1::test0543 , RegressionTest1::test0544 , RegressionTest1::test0545 , RegressionTest1::test0546 , RegressionTest1::test0547 , RegressionTest1::test0548 , RegressionTest1::test0549 , RegressionTest1::test0550 , RegressionTest1::test0551 , RegressionTest1::test0552 , RegressionTest1::test0553 , RegressionTest1::test0554 , RegressionTest1::test0555 , RegressionTest1::test0556 , RegressionTest1::test0557 , RegressionTest1::test0558 , RegressionTest1::test0559 , RegressionTest1::test0560 , RegressionTest1::test0561 , RegressionTest1::test0562 , RegressionTest1::test0563 , RegressionTest1::test0564 , RegressionTest1::test0565 , RegressionTest1::test0566 , RegressionTest1::test0567 , RegressionTest1::test0568 , RegressionTest1::test0569 , RegressionTest1::test0570 , RegressionTest1::test0571 , RegressionTest1::test0572 , RegressionTest1::test0573 , RegressionTest1::test0574 , RegressionTest1::test0575 , RegressionTest1::test0576 , RegressionTest1::test0577 , RegressionTest1::test0578 , RegressionTest1::test0579 , RegressionTest1::test0580 , RegressionTest1::test0581 , RegressionTest1::test0582 , RegressionTest1::test0583 , RegressionTest1::test0584 , RegressionTest1::test0585 , RegressionTest1::test0586 , RegressionTest1::test0587 , RegressionTest1::test0588 , RegressionTest1::test0589 , RegressionTest1::test0590 , RegressionTest1::test0591 , RegressionTest1::test0592 , RegressionTest1::test0593 , RegressionTest1::test0594 , RegressionTest1::test0595 , RegressionTest1::test0596 , RegressionTest1::test0597 , RegressionTest1::test0598 , RegressionTest1::test0599 , RegressionTest1::test0600 , RegressionTest1::test0601 , RegressionTest1::test0602 , RegressionTest1::test0603 , RegressionTest1::test0604 , RegressionTest1::test0605 , RegressionTest1::test0606 , RegressionTest1::test0607 , RegressionTest1::test0608 , RegressionTest1::test0609 , RegressionTest1::test0610 , RegressionTest1::test0611 , RegressionTest1::test0612 , RegressionTest1::test0613 , RegressionTest1::test0614 , RegressionTest1::test0615 , RegressionTest1::test0616 , RegressionTest1::test0617 , RegressionTest1::test0618 , RegressionTest1::test0619 , RegressionTest1::test0620 , RegressionTest1::test0621 , RegressionTest1::test0622 , RegressionTest1::test0623 , RegressionTest1::test0624 , RegressionTest1::test0625 , RegressionTest1::test0626 , RegressionTest1::test0627 , RegressionTest1::test0628 , RegressionTest1::test0629 , RegressionTest1::test0630 , RegressionTest1::test0631 , RegressionTest1::test0632 , RegressionTest1::test0633 , RegressionTest1::test0634 , RegressionTest1::test0635 , RegressionTest1::test0636 , RegressionTest1::test0637 , RegressionTest1::test0638 , RegressionTest1::test0639 , RegressionTest1::test0640 , RegressionTest1::test0641 , RegressionTest1::test0642 , RegressionTest1::test0643 , RegressionTest1::test0644 , RegressionTest1::test0645 , RegressionTest1::test0646 , RegressionTest1::test0647 , RegressionTest1::test0648 , RegressionTest1::test0649 , RegressionTest1::test0650 , RegressionTest1::test0651 , RegressionTest1::test0652 , RegressionTest1::test0653 , RegressionTest1::test0654 , RegressionTest1::test0655 , RegressionTest1::test0656 , RegressionTest1::test0657 , RegressionTest1::test0658 , RegressionTest1::test0659 , RegressionTest1::test0660 , RegressionTest1::test0661 , RegressionTest1::test0662 , RegressionTest1::test0663 , RegressionTest1::test0664 , RegressionTest1::test0665 , RegressionTest1::test0666 , RegressionTest1::test0667 , RegressionTest1::test0668 , RegressionTest1::test0669 , RegressionTest1::test0670 , RegressionTest1::test0671 , RegressionTest1::test0672 , RegressionTest1::test0673 , RegressionTest1::test0674 , RegressionTest1::test0675 , RegressionTest1::test0676 , RegressionTest1::test0677 , RegressionTest1::test0678 , RegressionTest1::test0679 , RegressionTest1::test0680 , RegressionTest1::test0681 , RegressionTest1::test0682 , RegressionTest1::test0683 , RegressionTest1::test0684 , RegressionTest1::test0685 , RegressionTest1::test0686 , RegressionTest1::test0687 , RegressionTest1::test0688 , RegressionTest1::test0689 , RegressionTest1::test0690 , RegressionTest1::test0691 , RegressionTest1::test0692 , RegressionTest1::test0693 , RegressionTest1::test0694 , RegressionTest1::test0695 , RegressionTest1::test0696 , RegressionTest1::test0697 , RegressionTest1::test0698 , RegressionTest1::test0699 , RegressionTest1::test0700 , RegressionTest1::test0701 , RegressionTest1::test0702 , RegressionTest1::test0703 , RegressionTest1::test0704 , RegressionTest1::test0705 , RegressionTest1::test0706 , RegressionTest1::test0707 , RegressionTest1::test0708 , RegressionTest1::test0709 , RegressionTest1::test0710 , RegressionTest1::test0711 , RegressionTest1::test0712 , RegressionTest1::test0713 , RegressionTest1::test0714 , RegressionTest1::test0715 , RegressionTest1::test0716 , RegressionTest1::test0717 , RegressionTest1::test0718 , RegressionTest1::test0719 , RegressionTest1::test0720 , RegressionTest1::test0721 , RegressionTest1::test0722 , RegressionTest1::test0723 , RegressionTest1::test0724 , RegressionTest1::test0725 , RegressionTest1::test0726 , RegressionTest1::test0727 , RegressionTest1::test0728 , RegressionTest1::test0729 , RegressionTest1::test0730 , RegressionTest1::test0731 , RegressionTest1::test0732 , RegressionTest1::test0733 , RegressionTest1::test0734 , RegressionTest1::test0735 , RegressionTest1::test0736 , RegressionTest1::test0737 , RegressionTest1::test0738 , RegressionTest1::test0739 , RegressionTest1::test0740 , RegressionTest1::test0741 , RegressionTest1::test0742 , RegressionTest1::test0743 , RegressionTest1::test0744 , RegressionTest1::test0745 , RegressionTest1::test0746 , RegressionTest1::test0747 , RegressionTest1::test0748 , RegressionTest1::test0749 , RegressionTest1::test0750 , RegressionTest1::test0751 , RegressionTest1::test0752 , RegressionTest1::test0753 , RegressionTest1::test0754 , RegressionTest1::test0755 , RegressionTest1::test0756 , RegressionTest1::test0757 , RegressionTest1::test0758 , RegressionTest1::test0759 , RegressionTest1::test0760 , RegressionTest1::test0761 , RegressionTest1::test0762 , RegressionTest1::test0763 , RegressionTest1::test0764 , RegressionTest1::test0765 , RegressionTest1::test0766 , RegressionTest1::test0767 , RegressionTest1::test0768 , RegressionTest1::test0769 , RegressionTest1::test0770 , RegressionTest1::test0771 , RegressionTest1::test0772 , RegressionTest1::test0773 , RegressionTest1::test0774 , RegressionTest1::test0775 , RegressionTest1::test0776 , RegressionTest1::test0777 , RegressionTest1::test0778 , RegressionTest1::test0779 , RegressionTest1::test0780 , RegressionTest1::test0781 , RegressionTest1::test0782 , RegressionTest1::test0783 , RegressionTest1::test0784 , RegressionTest1::test0785 , RegressionTest1::test0786 , RegressionTest1::test0787 , RegressionTest1::test0788 , RegressionTest1::test0789 , RegressionTest1::test0790 , RegressionTest1::test0791 , RegressionTest1::test0792 , RegressionTest1::test0793 , RegressionTest1::test0794 , RegressionTest1::test0795 , RegressionTest1::test0796 , RegressionTest1::test0797 , RegressionTest1::test0798 , RegressionTest1::test0799 , RegressionTest1::test0800 , RegressionTest1::test0801 , RegressionTest1::test0802 , RegressionTest1::test0803 , RegressionTest1::test0804 , RegressionTest1::test0805 , RegressionTest1::test0806 , RegressionTest1::test0807 , RegressionTest1::test0808 , RegressionTest1::test0809 , RegressionTest1::test0810 , RegressionTest1::test0811 , RegressionTest1::test0812 , RegressionTest1::test0813 , RegressionTest1::test0814 , RegressionTest1::test0815 , RegressionTest1::test0816 , RegressionTest1::test0817 , RegressionTest1::test0818 , RegressionTest1::test0819 , RegressionTest1::test0820 , RegressionTest1::test0821 , RegressionTest1::test0822 , RegressionTest1::test0823 , RegressionTest1::test0824 , RegressionTest1::test0825 , RegressionTest1::test0826 , RegressionTest1::test0827 , RegressionTest1::test0828 , RegressionTest1::test0829 , RegressionTest1::test0830 , RegressionTest1::test0831 , RegressionTest1::test0832 , RegressionTest1::test0833 , RegressionTest1::test0834 , RegressionTest1::test0835 , RegressionTest1::test0836 , RegressionTest1::test0837 , RegressionTest1::test0838 , RegressionTest1::test0839 , RegressionTest1::test0840 , RegressionTest1::test0841 , RegressionTest1::test0842 , RegressionTest1::test0843 , RegressionTest1::test0844 , RegressionTest1::test0845 , RegressionTest1::test0846 , RegressionTest1::test0847 , RegressionTest1::test0848 , RegressionTest1::test0849 , RegressionTest1::test0850 , RegressionTest1::test0851 , RegressionTest1::test0852 , RegressionTest1::test0853 , RegressionTest1::test0854 , RegressionTest1::test0855 , RegressionTest1::test0856 , RegressionTest1::test0857 , RegressionTest1::test0858 , RegressionTest1::test0859 , RegressionTest1::test0860 , RegressionTest1::test0861 , RegressionTest1::test0862 , RegressionTest1::test0863 , RegressionTest1::test0864 , RegressionTest1::test0865 , RegressionTest1::test0866 , RegressionTest1::test0867 , RegressionTest1::test0868 , RegressionTest1::test0869 , RegressionTest1::test0870 , RegressionTest1::test0871 , RegressionTest1::test0872 , RegressionTest1::test0873 , RegressionTest1::test0874 , RegressionTest1::test0875 , RegressionTest1::test0876 , RegressionTest1::test0877 , RegressionTest1::test0878 , RegressionTest1::test0879 , RegressionTest1::test0880 , RegressionTest1::test0881 , RegressionTest1::test0882 , RegressionTest1::test0883 , RegressionTest1::test0884 , RegressionTest1::test0885 , RegressionTest1::test0886 , RegressionTest1::test0887 , RegressionTest1::test0888 , RegressionTest1::test0889 , RegressionTest1::test0890 , RegressionTest1::test0891 , RegressionTest1::test0892 , RegressionTest1::test0893 , RegressionTest1::test0894 , RegressionTest1::test0895 , RegressionTest1::test0896 , RegressionTest1::test0897 , RegressionTest1::test0898 , RegressionTest1::test0899 , RegressionTest1::test0900 , RegressionTest1::test0901 , RegressionTest1::test0902 , RegressionTest1::test0903 , RegressionTest1::test0904 , RegressionTest1::test0905 , RegressionTest1::test0906 , RegressionTest1::test0907 , RegressionTest1::test0908 , RegressionTest1::test0909 , RegressionTest1::test0910 , RegressionTest1::test0911 , RegressionTest1::test0912 , RegressionTest1::test0913 , RegressionTest1::test0914 , RegressionTest1::test0915 , RegressionTest1::test0916 , RegressionTest1::test0917 , RegressionTest1::test0918 , RegressionTest1::test0919 , RegressionTest1::test0920 , RegressionTest1::test0921 , RegressionTest1::test0922 , RegressionTest1::test0923 , RegressionTest1::test0924 , RegressionTest1::test0925 , RegressionTest1::test0926 , RegressionTest1::test0927 , RegressionTest1::test0928 , RegressionTest1::test0929 , RegressionTest1::test0930 , RegressionTest1::test0931 , RegressionTest1::test0932 , RegressionTest1::test0933 , RegressionTest1::test0934 , RegressionTest1::test0935 , RegressionTest1::test0936 , RegressionTest1::test0937 , RegressionTest1::test0938 , RegressionTest1::test0939 , RegressionTest1::test0940 , RegressionTest1::test0941 , RegressionTest1::test0942 , RegressionTest1::test0943 , RegressionTest1::test0944 , RegressionTest1::test0945 , RegressionTest1::test0946 , RegressionTest1::test0947 , RegressionTest1::test0948 , RegressionTest1::test0949 , RegressionTest1::test0950 , RegressionTest1::test0951 , RegressionTest1::test0952 , RegressionTest1::test0953 , RegressionTest1::test0954 , RegressionTest1::test0955 , RegressionTest1::test0956 , RegressionTest1::test0957 , RegressionTest1::test0958 , RegressionTest1::test0959 , RegressionTest1::test0960 , RegressionTest1::test0961 , RegressionTest1::test0962 , RegressionTest1::test0963 , RegressionTest1::test0964 , RegressionTest1::test0965 , RegressionTest1::test0966 , RegressionTest1::test0967 , RegressionTest1::test0968 , RegressionTest1::test0969 , RegressionTest1::test0970 , RegressionTest1::test0971 , RegressionTest1::test0972 , RegressionTest1::test0973 , RegressionTest1::test0974 , RegressionTest1::test0975 , RegressionTest1::test0976 , RegressionTest1::test0977 , RegressionTest1::test0978 , RegressionTest1::test0979 , RegressionTest1::test0980 , RegressionTest1::test0981 , RegressionTest1::test0982 , RegressionTest1::test0983 , RegressionTest1::test0984 , RegressionTest1::test0985 , RegressionTest1::test0986 , RegressionTest1::test0987 , RegressionTest1::test0988 , RegressionTest1::test0989 , RegressionTest1::test0990 , RegressionTest1::test0991 , RegressionTest1::test0992 , RegressionTest1::test0993 , RegressionTest1::test0994 , RegressionTest1::test0995 , RegressionTest1::test0996 , RegressionTest1::test0997 , RegressionTest1::test0998 , RegressionTest1::test0999 , RegressionTest1::test1000
OpenMapRealVector_ESTest::test00 , 0 , 204 , 137 , 279 , 59 , 273 , 308 , 170 , 168 , 104 , 394 , 225 , 155 , 158 , 223 , 122 , 263 , 160 , 427 , 296 , 266 , 345 , 328 , 119 , 174 , 219 , 220 , 221 , 283 , 297 , 222 , 318 , 276 , 185 , 132 , 181 , 412 , 150 , 208 , 252 , 230 , 94 , 536 , 315 , 203 , 97 , 231 , 118 , 139 , 297 , 354 , 249 , 331
OpenMapRealVector_ESTest::test01 , 204 , 0 , 225 , 247 , 191 , 106 , 343 , 178 , 211 , 219 , 222 , 238 , 228 , 183 , 226 , 224 , 88 , 178 , 353 , 244 , 228 , 283 , 272 , 233 , 217 , 251 , 199 , 251 , 247 , 252 , 252 , 279 , 268 , 198 , 180 , 247 , 348 , 236 , 199 , 234 , 269 , 238 , 491 , 255 , 213 , 221 , 211 , 224 , 191 , 247 , 304 , 231 , 308
OpenMapRealVector_ESTest::test02 , 137 , 225 , 0 , 224 , 134 , 261 , 264 , 123 , 142 , 158 , 320 , 137 , 42 , 112 , 171 , 66 , 271 , 135 , 362 , 261 , 237 , 281 , 260 , 46 , 173 , 186 , 163 , 205 , 225 , 236 , 190 , 265 , 169 , 175 , 120 , 180 , 365 , 82 , 180 , 226 , 170 , 85 , 475 , 254 , 155 , 119 , 195 , 69 , 135 , 235 , 293 , 193 , 269
OpenMapRealVector_ESTest::test03 , 279 , 247 , 224 , 0 , 231 , 259 , 264 , 121 , 207 , 231 , 351 , 193 , 215 , 176 , 205 , 225 , 251 , 136 , 222 , 197 , 186 , 217 , 201 , 242 , 230 , 206 , 151 , 172 , 82 , 172 , 202 , 177 , 176 , 183 , 163 , 204 , 297 , 229 , 205 , 211 , 211 , 280 , 404 , 147 , 153 , 225 , 181 , 255 , 185 , 149 , 204 , 200 , 250
OpenMapRealVector_ESTest::test04 , 59 , 191 , 134 , 231 , 0 , 253 , 264 , 128 , 137 , 57 , 378 , 194 , 159 , 120 , 189 , 131 , 245 , 129 , 385 , 265 , 234 , 307 , 286 , 121 , 132 , 174 , 172 , 171 , 233 , 243 , 178 , 268 , 223 , 135 , 83 , 149 , 379 , 142 , 181 , 219 , 200 , 107 , 490 , 274 , 160 , 94 , 206 , 128 , 105 , 262 , 313 , 213 , 297
OpenMapRealVector_ESTest::test05 , 273 , 106 , 261 , 259 , 253 , 0 , 344 , 227 , 252 , 282 , 259 , 272 , 262 , 228 , 261 , 264 , 132 , 229 , 343 , 250 , 263 , 287 , 288 , 273 , 277 , 285 , 226 , 287 , 253 , 253 , 287 , 294 , 294 , 197 , 242 , 280 , 360 , 279 , 228 , 279 , 279 , 292 , 494 , 252 , 262 , 280 , 212 , 270 , 237 , 255 , 292 , 256 , 318
OpenMapRealVector_ESTest::test06 , 308 , 343 , 264 , 264 , 264 , 344 , 0 , 265 , 254 , 234 , 360 , 239 , 246 , 263 , 251 , 253 , 354 , 261 , 317 , 314 , 272 , 317 , 301 , 287 , 259 , 209 , 271 , 181 , 245 , 240 , 213 , 230 , 222 , 253 , 259 , 215 , 359 , 278 , 308 , 301 , 205 , 318 , 370 , 285 , 251 , 247 , 244 , 273 , 279 , 271 , 320 , 269 , 242
OpenMapRealVector_ESTest::test07 , 170 , 178 , 123 , 121 , 128 , 227 , 265 , 0 , 105 , 149 , 335 , 129 , 135 , 79 , 126 , 123 , 213 , 29 , 267 , 164 , 127 , 196 , 168 , 138 , 136 , 160 , 116 , 161 , 129 , 188 , 163 , 205 , 192 , 140 , 78 , 146 , 280 , 151 , 142 , 173 , 148 , 169 , 383 , 164 , 48 , 119 , 144 , 153 , 103 , 166 , 197 , 134 , 211
OpenMapRealVector_ESTest::test08 , 168 , 211 , 142 , 207 , 137 , 252 , 254 , 105 , 0 , 116 , 345 , 170 , 143 , 102 , 88 , 135 , 252 , 115 , 300 , 194 , 154 , 197 , 181 , 146 , 111 , 123 , 156 , 156 , 185 , 222 , 127 , 178 , 206 , 162 , 112 , 158 , 297 , 173 , 180 , 172 , 176 , 167 , 399 , 234 , 70 , 84 , 181 , 160 , 127 , 208 , 221 , 119 , 200
OpenMapRealVector_ESTest::test09 , 104 , 219 , 158 , 231 , 57 , 282 , 234 , 149 , 116 , 0 , 384 , 213 , 179 , 153 , 161 , 152 , 272 , 147 , 372 , 248 , 200 , 280 , 257 , 161 , 105 , 153 , 186 , 151 , 213 , 251 , 157 , 233 , 231 , 151 , 105 , 143 , 354 , 175 , 209 , 184 , 211 , 153 , 465 , 292 , 133 , 79 , 197 , 159 , 144 , 262 , 290 , 190 , 271
OpenMapRealVector_ESTest::test10 , 394 , 222 , 320 , 351 , 378 , 259 , 360 , 335 , 345 , 384 , 0 , 293 , 307 , 345 , 337 , 315 , 256 , 339 , 363 , 346 , 340 , 348 , 347 , 346 , 360 , 354 , 338 , 368 , 346 , 356 , 353 , 380 , 302 , 360 , 349 , 378 , 388 , 331 , 341 , 371 , 302 , 376 , 517 , 332 , 344 , 369 , 344 , 341 , 363 , 329 , 356 , 335 , 382
OpenMapRealVector_ESTest::test11 , 225 , 238 , 137 , 193 , 194 , 272 , 239 , 129 , 170 , 213 , 293 , 0 , 134 , 167 , 177 , 127 , 273 , 113 , 256 , 212 , 212 , 211 , 203 , 162 , 205 , 196 , 171 , 187 , 164 , 204 , 200 , 237 , 142 , 202 , 168 , 202 , 309 , 153 , 206 , 198 , 143 , 193 , 396 , 190 , 146 , 189 , 180 , 154 , 165 , 120 , 205 , 193 , 244
OpenMapRealVector_ESTest::test12 , 155 , 228 , 42 , 215 , 159 , 262 , 246 , 135 , 143 , 179 , 307 , 134 , 0 , 124 , 144 , 82 , 267 , 148 , 332 , 239 , 226 , 253 , 234 , 78 , 183 , 192 , 159 , 206 , 207 , 213 , 195 , 257 , 164 , 174 , 146 , 180 , 346 , 97 , 183 , 241 , 159 , 120 , 446 , 235 , 166 , 137 , 192 , 100 , 156 , 220 , 268 , 189 , 260
OpenMapRealVector_ESTest::test13 , 158 , 183 , 112 , 176 , 120 , 228 , 263 , 79 , 102 , 153 , 345 , 167 , 124 , 0 , 111 , 122 , 216 , 88 , 297 , 205 , 177 , 219 , 199 , 128 , 139 , 158 , 77 , 161 , 151 , 149 , 162 , 186 , 191 , 94 , 90 , 154 , 319 , 158 , 156 , 193 , 176 , 154 , 407 , 176 , 109 , 110 , 140 , 142 , 103 , 178 , 234 , 138 , 223
OpenMapRealVector_ESTest::test14 , 223 , 226 , 171 , 205 , 189 , 261 , 251 , 126 , 88 , 161 , 337 , 177 , 144 , 111 , 0 , 173 , 258 , 138 , 270 , 178 , 147 , 167 , 154 , 175 , 149 , 168 , 147 , 191 , 190 , 197 , 171 , 141 , 211 , 170 , 143 , 178 , 272 , 197 , 181 , 191 , 192 , 222 , 368 , 211 , 93 , 138 , 167 , 207 , 171 , 187 , 197 , 115 , 188
OpenMapRealVector_ESTest::test15 , 122 , 224 , 66 , 225 , 131 , 264 , 253 , 123 , 135 , 152 , 315 , 127 , 82 , 122 , 173 , 0 , 261 , 99 , 366 , 233 , 224 , 287 , 269 , 75 , 181 , 197 , 177 , 199 , 224 , 253 , 202 , 262 , 188 , 173 , 139 , 176 , 360 , 101 , 190 , 242 , 168 , 95 , 479 , 259 , 156 , 118 , 180 , 62 , 150 , 233 , 296 , 195 , 273
OpenMapRealVector_ESTest::test16 , 263 , 88 , 271 , 251 , 245 , 132 , 354 , 213 , 252 , 272 , 256 , 273 , 267 , 216 , 258 , 261 , 0 , 210 , 343 , 247 , 247 , 283 , 277 , 279 , 268 , 283 , 228 , 285 , 248 , 256 , 282 , 285 , 297 , 228 , 227 , 279 , 352 , 275 , 227 , 264 , 287 , 291 , 490 , 253 , 245 , 272 , 231 , 271 , 234 , 247 , 301 , 257 , 330
OpenMapRealVector_ESTest::test17 , 160 , 178 , 135 , 136 , 129 , 229 , 261 , 29 , 115 , 147 , 339 , 113 , 148 , 88 , 138 , 99 , 210 , 0 , 285 , 163 , 126 , 210 , 184 , 148 , 149 , 169 , 131 , 159 , 148 , 202 , 172 , 215 , 192 , 141 , 91 , 158 , 284 , 145 , 140 , 162 , 159 , 163 , 396 , 176 , 59 , 129 , 139 , 137 , 95 , 153 , 215 , 146 , 227
OpenMapRealVector_ESTest::test18 , 427 , 353 , 362 , 222 , 385 , 343 , 317 , 267 , 300 , 372 , 363 , 256 , 332 , 297 , 270 , 366 , 343 , 285 , 0 , 224 , 213 , 151 , 178 , 383 , 335 , 295 , 252 , 296 , 179 , 206 , 295 , 269 , 264 , 310 , 327 , 336 , 296 , 369 , 323 , 307 , 288 , 424 , 348 , 186 , 264 , 362 , 260 , 388 , 318 , 168 , 213 , 259 , 262
OpenMapRealVector_ESTest::test19 , 296 , 244 , 261 , 197 , 265 , 250 , 314 , 164 , 194 , 248 , 346 , 212 , 239 , 205 , 178 , 233 , 247 , 163 , 224 , 0 , 106 , 127 , 151 , 277 , 216 , 226 , 202 , 220 , 191 , 217 , 229 , 219 , 247 , 205 , 224 , 248 , 267 , 261 , 225 , 203 , 259 , 297 , 403 , 182 , 154 , 233 , 194 , 272 , 218 , 186 , 189 , 175 , 232
OpenMapRealVector_ESTest::test20 , 266 , 228 , 237 , 186 , 234 , 263 , 272 , 127 , 154 , 200 , 340 , 212 , 226 , 177 , 147 , 224 , 247 , 126 , 213 , 106 , 0 , 97 , 70 , 251 , 189 , 209 , 186 , 212 , 190 , 227 , 210 , 192 , 243 , 205 , 189 , 212 , 261 , 244 , 216 , 187 , 229 , 268 , 376 , 168 , 97 , 185 , 160 , 248 , 192 , 167 , 209 , 160 , 214
OpenMapRealVector_ESTest::test21 , 345 , 283 , 281 , 217 , 307 , 287 , 317 , 196 , 197 , 280 , 348 , 211 , 253 , 219 , 167 , 287 , 283 , 210 , 151 , 127 , 97 , 0 , 29 , 304 , 250 , 239 , 189 , 254 , 209 , 211 , 240 , 211 , 255 , 236 , 254 , 287 , 280 , 307 , 254 , 235 , 258 , 344 , 366 , 212 , 159 , 260 , 222 , 311 , 263 , 145 , 172 , 175 , 244
OpenMapRealVector_ESTest::test22 , 328 , 272 , 260 , 201 , 286 , 288 , 301 , 168 , 181 , 257 , 347 , 203 , 234 , 199 , 154 , 269 , 277 , 184 , 178 , 151 , 70 , 29 , 0 , 286 , 226 , 213 , 189 , 234 , 188 , 207 , 214 , 206 , 253 , 228 , 232 , 263 , 289 , 297 , 235 , 209 , 253 , 326 , 355 , 226 , 135 , 240 , 210 , 292 , 250 , 152 , 178 , 168 , 228
OpenMapRealVector_ESTest::test23 , 119 , 233 , 46 , 242 , 121 , 273 , 287 , 138 , 146 , 161 , 346 , 162 , 78 , 128 , 175 , 75 , 279 , 148 , 383 , 277 , 251 , 304 , 286 , 0 , 174 , 187 , 184 , 215 , 245 , 261 , 192 , 280 , 203 , 189 , 124 , 189 , 378 , 63 , 194 , 237 , 182 , 56 , 500 , 278 , 168 , 114 , 223 , 73 , 131 , 265 , 318 , 217 , 297
OpenMapRealVector_ESTest::test24 , 174 , 217 , 173 , 230 , 132 , 277 , 259 , 136 , 111 , 105 , 360 , 205 , 183 , 139 , 149 , 181 , 268 , 149 , 335 , 216 , 189 , 250 , 226 , 174 , 0 , 142 , 171 , 161 , 208 , 259 , 145 , 205 , 237 , 186 , 97 , 160 , 334 , 199 , 202 , 115 , 197 , 171 , 419 , 265 , 117 , 100 , 204 , 175 , 149 , 247 , 232 , 142 , 251
OpenMapRealVector_ESTest::test25 , 219 , 251 , 186 , 206 , 174 , 285 , 209 , 160 , 123 , 153 , 354 , 196 , 192 , 158 , 168 , 197 , 283 , 169 , 295 , 226 , 209 , 239 , 213 , 187 , 142 , 0 , 115 , 64 , 146 , 228 , 6 , 189 , 231 , 177 , 110 , 102 , 240 , 228 , 225 , 217 , 190 , 215 , 361 , 230 , 144 , 150 , 180 , 193 , 169 , 213 , 244 , 179 , 176
OpenMapRealVector_ESTest::test26 , 220 , 199 , 163 , 151 , 172 , 226 , 271 , 116 , 156 , 186 , 338 , 171 , 159 , 77 , 147 , 177 , 228 , 131 , 252 , 202 , 186 , 189 , 189 , 184 , 171 , 115 , 0 , 175 , 110 , 139 , 120 , 182 , 200 , 84 , 103 , 206 , 304 , 208 , 170 , 223 , 188 , 216 , 385 , 127 , 147 , 176 , 156 , 191 , 151 , 163 , 192 , 127 , 235
OpenMapRealVector_ESTest::test27 , 221 , 251 , 205 , 172 , 171 , 287 , 181 , 161 , 156 , 151 , 368 , 187 , 206 , 161 , 191 , 199 , 285 , 159 , 296 , 220 , 212 , 254 , 234 , 215 , 161 , 64 , 175 , 0 , 139 , 168 , 66 , 143 , 189 , 174 , 154 , 71 , 232 , 201 , 231 , 194 , 202 , 218 , 361 , 234 , 144 , 155 , 181 , 215 , 157 , 200 , 246 , 199 , 181
OpenMapRealVector_ESTest::test28 , 283 , 247 , 225 , 82 , 233 , 253 , 245 , 129 , 185 , 213 , 346 , 164 , 207 , 151 , 190 , 224 , 248 , 148 , 179 , 191 , 190 , 209 , 188 , 245 , 208 , 146 , 110 , 139 , 0 , 133 , 148 , 140 , 171 , 178 , 177 , 203 , 282 , 231 , 194 , 208 , 202 , 283 , 354 , 128 , 160 , 219 , 147 , 250 , 176 , 135 , 193 , 178 , 198
OpenMapRealVector_ESTest::test29 , 297 , 252 , 236 , 172 , 243 , 253 , 240 , 188 , 222 , 251 , 356 , 204 , 213 , 149 , 197 , 253 , 256 , 202 , 206 , 217 , 227 , 211 , 207 , 261 , 259 , 228 , 139 , 168 , 133 , 0 , 230 , 156 , 160 , 142 , 217 , 226 , 301 , 243 , 216 , 254 , 226 , 294 , 378 , 152 , 214 , 247 , 199 , 272 , 190 , 157 , 213 , 216 , 212
OpenMapRealVector_ESTest::test30 , 222 , 252 , 190 , 202 , 178 , 287 , 213 , 163 , 127 , 157 , 353 , 200 , 195 , 162 , 171 , 202 , 282 , 172 , 295 , 229 , 210 , 240 , 214 , 192 , 145 , 6 , 120 , 66 , 148 , 230 , 0 , 184 , 231 , 172 , 105 , 102 , 240 , 228 , 226 , 219 , 193 , 219 , 362 , 234 , 147 , 155 , 184 , 197 , 173 , 212 , 243 , 183 , 180
OpenMapRealVector_ESTest::test31 , 318 , 279 , 265 , 177 , 268 , 294 , 230 , 205 , 178 , 233 , 380 , 237 , 257 , 186 , 141 , 262 , 285 , 215 , 269 , 219 , 192 , 211 , 206 , 280 , 205 , 189 , 182 , 143 , 140 , 156 , 184 , 0 , 205 , 191 , 226 , 203 , 283 , 265 , 236 , 205 , 226 , 314 , 365 , 227 , 172 , 235 , 195 , 293 , 216 , 210 , 199 , 170 , 235
OpenMapRealVector_ESTest::test32 , 276 , 268 , 169 , 176 , 223 , 294 , 222 , 192 , 206 , 231 , 302 , 142 , 164 , 191 , 211 , 188 , 297 , 192 , 264 , 247 , 243 , 255 , 253 , 203 , 237 , 231 , 200 , 189 , 171 , 160 , 231 , 205 , 0 , 181 , 209 , 210 , 326 , 178 , 224 , 224 , 175 , 244 , 417 , 200 , 192 , 227 , 217 , 220 , 184 , 186 , 241 , 220 , 239
OpenMapRealVector_ESTest::test33 , 185 , 198 , 175 , 183 , 135 , 197 , 253 , 140 , 162 , 151 , 360 , 202 , 174 , 94 , 170 , 173 , 228 , 141 , 310 , 205 , 205 , 236 , 228 , 189 , 186 , 177 , 84 , 174 , 178 , 142 , 172 , 191 , 181 , 0 , 153 , 184 , 324 , 186 , 167 , 222 , 216 , 200 , 442 , 203 , 171 , 175 , 136 , 190 , 144 , 204 , 251 , 164 , 252
OpenMapRealVector_ESTest::test34 , 132 , 180 , 120 , 163 , 83 , 242 , 259 , 78 , 112 , 105 , 349 , 168 , 146 , 90 , 143 , 139 , 227 , 91 , 327 , 224 , 189 , 254 , 232 , 124 , 97 , 110 , 103 , 154 , 177 , 217 , 105 , 226 , 209 , 153 , 0 , 163 , 337 , 151 , 161 , 165 , 164 , 128 , 439 , 215 , 108 , 110 , 179 , 121 , 98 , 213 , 256 , 176 , 255
OpenMapRealVector_ESTest::test35 , 181 , 247 , 180 , 204 , 149 , 280 , 215 , 146 , 158 , 143 , 378 , 202 , 180 , 154 , 178 , 176 , 279 , 158 , 336 , 248 , 212 , 287 , 263 , 189 , 160 , 102 , 206 , 71 , 203 , 226 , 102 , 203 , 210 , 184 , 163 , 0 , 250 , 143 , 198 , 199 , 200 , 177 , 398 , 233 , 154 , 112 , 150 , 201 , 121 , 222 , 260 , 190 , 185
OpenMapRealVector_ESTest::test36 , 412 , 348 , 365 , 297 , 379 , 360 , 359 , 280 , 297 , 354 , 388 , 309 , 346 , 319 , 272 , 360 , 352 , 284 , 296 , 267 , 261 , 280 , 289 , 378 , 334 , 240 , 304 , 232 , 282 , 301 , 240 , 283 , 326 , 324 , 337 , 250 , 0 , 354 , 236 , 320 , 336 , 411 , 392 , 266 , 265 , 345 , 273 , 387 , 314 , 287 , 267 , 279 , 241
OpenMapRealVector_ESTest::test37 , 150 , 236 , 82 , 229 , 142 , 279 , 278 , 151 , 173 , 175 , 331 , 153 , 97 , 158 , 197 , 101 , 275 , 145 , 369 , 261 , 244 , 307 , 297 , 63 , 199 , 228 , 208 , 201 , 231 , 243 , 228 , 265 , 178 , 186 , 151 , 143 , 354 , 0 , 187 , 224 , 199 , 92 , 484 , 264 , 184 , 137 , 187 , 110 , 96 , 241 , 294 , 225 , 261
OpenMapRealVector_ESTest::test38 , 208 , 199 , 180 , 205 , 181 , 228 , 308 , 142 , 180 , 209 , 341 , 206 , 183 , 156 , 181 , 190 , 227 , 140 , 323 , 225 , 216 , 254 , 235 , 194 , 202 , 225 , 170 , 231 , 194 , 216 , 226 , 236 , 224 , 167 , 161 , 198 , 236 , 187 , 0 , 223 , 235 , 223 , 467 , 224 , 168 , 193 , 161 , 196 , 157 , 213 , 264 , 198 , 262
OpenMapRealVector_ESTest::test39 , 252 , 234 , 226 , 211 , 219 , 279 , 301 , 173 , 172 , 184 , 371 , 198 , 241 , 193 , 191 , 242 , 264 , 162 , 307 , 203 , 187 , 235 , 209 , 237 , 115 , 217 , 223 , 194 , 208 , 254 , 219 , 205 , 224 , 222 , 165 , 199 , 320 , 224 , 223 , 0 , 226 , 250 , 412 , 243 , 151 , 177 , 233 , 234 , 179 , 211 , 209 , 182 , 261
OpenMapRealVector_ESTest::test40 , 230 , 269 , 170 , 211 , 200 , 279 , 205 , 148 , 176 , 211 , 302 , 143 , 159 , 176 , 192 , 168 , 287 , 159 , 288 , 259 , 229 , 258 , 253 , 182 , 197 , 190 , 188 , 202 , 202 , 226 , 193 , 226 , 175 , 216 , 164 , 200 , 336 , 199 , 235 , 226 , 0 , 219 , 404 , 212 , 147 , 182 , 207 , 189 , 196 , 218 , 250 , 211 , 239
OpenMapRealVector_ESTest::test41 , 94 , 238 , 85 , 280 , 107 , 292 , 318 , 169 , 167 , 153 , 376 , 193 , 120 , 154 , 222 , 95 , 291 , 163 , 424 , 297 , 268 , 344 , 326 , 56 , 171 , 215 , 216 , 218 , 283 , 294 , 219 , 314 , 244 , 200 , 128 , 177 , 411 , 92 , 223 , 250 , 219 , 0 , 535 , 313 , 201 , 94 , 245 , 79 , 137 , 296 , 354 , 247 , 330
OpenMapRealVector_ESTest::test42 , 536 , 491 , 475 , 404 , 490 , 494 , 370 , 383 , 399 , 465 , 517 , 396 , 446 , 407 , 368 , 479 , 490 , 396 , 348 , 403 , 376 , 366 , 355 , 500 , 419 , 361 , 385 , 361 , 354 , 378 , 362 , 365 , 417 , 442 , 439 , 398 , 392 , 484 , 467 , 412 , 404 , 535 , 0 , 377 , 354 , 458 , 401 , 503 , 430 , 355 , 346 , 350 , 264
OpenMapRealVector_ESTest::test43 , 315 , 255 , 254 , 147 , 274 , 252 , 285 , 164 , 234 , 292 , 332 , 190 , 235 , 176 , 211 , 259 , 253 , 176 , 186 , 182 , 168 , 212 , 226 , 278 , 265 , 230 , 127 , 234 , 128 , 152 , 234 , 227 , 200 , 203 , 215 , 233 , 266 , 264 , 224 , 243 , 212 , 313 , 377 , 0 , 175 , 262 , 204 , 284 , 208 , 152 , 205 , 220 , 212
OpenMapRealVector_ESTest::test44 , 203 , 213 , 155 , 153 , 160 , 262 , 251 , 48 , 70 , 133 , 344 , 146 , 166 , 109 , 93 , 156 , 245 , 59 , 264 , 154 , 97 , 159 , 135 , 168 , 117 , 144 , 147 , 144 , 160 , 214 , 147 , 172 , 192 , 171 , 108 , 154 , 265 , 184 , 168 , 151 , 147 , 201 , 354 , 175 , 0 , 116 , 173 , 185 , 131 , 173 , 181 , 114 , 182
OpenMapRealVector_ESTest::test45 , 97 , 221 , 119 , 225 , 94 , 280 , 247 , 119 , 84 , 79 , 369 , 189 , 137 , 110 , 138 , 118 , 272 , 129 , 362 , 233 , 185 , 260 , 240 , 114 , 100 , 150 , 176 , 155 , 219 , 247 , 155 , 235 , 227 , 175 , 110 , 112 , 345 , 137 , 193 , 177 , 182 , 94 , 458 , 262 , 116 , 0 , 188 , 128 , 117 , 237 , 284 , 177 , 258
OpenMapRealVector_ESTest::test46 , 231 , 211 , 195 , 181 , 206 , 212 , 244 , 144 , 181 , 197 , 344 , 180 , 192 , 140 , 167 , 180 , 231 , 139 , 260 , 194 , 160 , 222 , 210 , 223 , 204 , 180 , 156 , 181 , 147 , 199 , 184 , 195 , 217 , 136 , 179 , 150 , 273 , 187 , 161 , 233 , 207 , 245 , 401 , 204 , 173 , 188 , 0 , 204 , 138 , 159 , 221 , 138 , 216
OpenMapRealVector_ESTest::test47 , 118 , 224 , 69 , 255 , 128 , 270 , 273 , 153 , 160 , 159 , 341 , 154 , 100 , 142 , 207 , 62 , 271 , 137 , 388 , 272 , 248 , 311 , 292 , 73 , 175 , 193 , 191 , 215 , 250 , 272 , 197 , 293 , 220 , 190 , 121 , 201 , 387 , 110 , 196 , 234 , 189 , 79 , 503 , 284 , 185 , 128 , 204 , 0 , 143 , 245 , 309 , 202 , 307
OpenMapRealVector_ESTest::test48 , 139 , 191 , 135 , 185 , 105 , 237 , 279 , 103 , 127 , 144 , 363 , 165 , 156 , 103 , 171 , 150 , 234 , 95 , 318 , 218 , 192 , 263 , 250 , 131 , 149 , 169 , 151 , 157 , 176 , 190 , 173 , 216 , 184 , 144 , 98 , 121 , 314 , 96 , 157 , 179 , 196 , 137 , 430 , 208 , 131 , 117 , 138 , 143 , 0 , 180 , 243 , 170 , 212
OpenMapRealVector_ESTest::test49 , 297 , 247 , 235 , 149 , 262 , 255 , 271 , 166 , 208 , 262 , 329 , 120 , 220 , 178 , 187 , 233 , 247 , 153 , 168 , 186 , 167 , 145 , 152 , 265 , 247 , 213 , 163 , 200 , 135 , 157 , 212 , 210 , 186 , 204 , 213 , 222 , 287 , 241 , 213 , 211 , 218 , 296 , 355 , 152 , 173 , 237 , 159 , 245 , 180 , 0 , 179 , 181 , 227
OpenMapRealVector_ESTest::test50 , 354 , 304 , 293 , 204 , 313 , 292 , 320 , 197 , 221 , 290 , 356 , 205 , 268 , 234 , 197 , 296 , 301 , 215 , 213 , 189 , 209 , 172 , 178 , 318 , 232 , 244 , 192 , 246 , 193 , 213 , 243 , 199 , 241 , 251 , 256 , 260 , 267 , 294 , 264 , 209 , 250 , 354 , 346 , 205 , 181 , 284 , 221 , 309 , 243 , 179 , 0 , 115 , 215
OpenMapRealVector_ESTest::test51 , 249 , 231 , 193 , 200 , 213 , 256 , 269 , 134 , 119 , 190 , 335 , 193 , 189 , 138 , 115 , 195 , 257 , 146 , 259 , 175 , 160 , 175 , 168 , 217 , 142 , 179 , 127 , 199 , 178 , 216 , 183 , 170 , 220 , 164 , 176 , 190 , 279 , 225 , 198 , 182 , 211 , 247 , 350 , 220 , 114 , 177 , 138 , 202 , 170 , 181 , 115 , 0 , 183
OpenMapRealVector_ESTest::test52 , 331 , 308 , 269 , 250 , 297 , 318 , 242 , 211 , 200 , 271 , 382 , 244 , 260 , 223 , 188 , 273 , 330 , 227 , 262 , 232 , 214 , 244 , 228 , 297 , 251 , 176 , 235 , 181 , 198 , 212 , 180 , 235 , 239 , 252 , 255 , 185 , 241 , 261 , 262 , 261 , 239 , 330 , 264 , 212 , 182 , 258 , 216 , 307 , 212 , 227 , 215 , 183 , 0
