Method,Fault-Detected
Base64InputStreamTest::testSkipToEnd, 1
Base64InputStreamTest::testCodec130, 1
Base64InputStreamTest::testSkipWrongArgument, 1
Base64InputStreamTest::testAvailable, 1
Base64InputStreamTest::testSkipPastEnd, 1
Base64InputStreamTest::testSkipBig, 1
Base32InputStreamTest::testSkipToEnd, 1
Base32InputStreamTest::testCodec130, 1
Base32InputStreamTest::testSkipWrongArgument, 1
Base32InputStreamTest::testAvailable, 1
Base32InputStreamTest::testSkipPastEnd, 1
Base32InputStreamTest::testSkipBig, 1
RegressionTest0::test011, 1
RegressionTest0::test014, 1
RegressionTest0::test017, 1
RegressionTest0::test018, 1
RegressionTest0::test023, 1
RegressionTest0::test034, 1
RegressionTest0::test048, 1
RegressionTest0::test055, 1
RegressionTest0::test056, 1
RegressionTest0::test061, 1
RegressionTest0::test062, 1
RegressionTest0::test067, 1
RegressionTest0::test070, 1
RegressionTest0::test071, 1
RegressionTest0::test076, 1
RegressionTest0::test080, 1
RegressionTest0::test081, 1
RegressionTest0::test083, 1
RegressionTest0::test085, 1
RegressionTest0::test086, 1
RegressionTest0::test090, 1
RegressionTest0::test092, 1
RegressionTest0::test095, 1
RegressionTest0::test096, 1
RegressionTest0::test098, 1
RegressionTest0::test099, 1
RegressionTest0::test100, 1
RegressionTest0::test101, 1
RegressionTest0::test107, 1
RegressionTest0::test110, 1
RegressionTest0::test113, 1
RegressionTest0::test115, 1
RegressionTest0::test117, 1
RegressionTest0::test120, 1
RegressionTest0::test121, 1
RegressionTest0::test123, 1
RegressionTest0::test128, 1
RegressionTest0::test137, 1
RegressionTest0::test142, 1
RegressionTest0::test144, 1
RegressionTest0::test150, 1
RegressionTest0::test153, 1
RegressionTest0::test154, 1
RegressionTest0::test155, 1
RegressionTest0::test158, 1
RegressionTest0::test162, 1
RegressionTest0::test167, 1
RegressionTest0::test169, 1
RegressionTest0::test174, 1
RegressionTest0::test175, 1
RegressionTest0::test176, 1
RegressionTest0::test180, 1
RegressionTest0::test182, 1
RegressionTest0::test183, 1
RegressionTest0::test187, 1
RegressionTest0::test190, 1
RegressionTest0::test191, 1
RegressionTest0::test192, 1
RegressionTest0::test199, 1
RegressionTest0::test201, 1
RegressionTest0::test203, 1
RegressionTest0::test205, 1
RegressionTest0::test208, 1
RegressionTest0::test209, 1
RegressionTest0::test210, 1
RegressionTest0::test218, 1
RegressionTest0::test220, 1
RegressionTest0::test222, 1
RegressionTest0::test227, 1
RegressionTest0::test229, 1
RegressionTest0::test231, 1
RegressionTest0::test232, 1
RegressionTest0::test233, 1
RegressionTest0::test235, 1
RegressionTest0::test236, 1
RegressionTest0::test238, 1
RegressionTest0::test239, 1
RegressionTest0::test241, 1
RegressionTest0::test246, 1
RegressionTest0::test249, 1
RegressionTest0::test250, 1
RegressionTest0::test251, 1
RegressionTest0::test252, 1
RegressionTest0::test253, 1
RegressionTest0::test255, 1
RegressionTest0::test258, 1
RegressionTest0::test261, 1
RegressionTest0::test275, 1
RegressionTest0::test276, 1
RegressionTest0::test284, 1
RegressionTest0::test285, 1
RegressionTest0::test286, 1
RegressionTest0::test287, 1
RegressionTest0::test291, 1
RegressionTest0::test292, 1
RegressionTest0::test296, 1
RegressionTest0::test299, 1
RegressionTest0::test304, 1
RegressionTest0::test305, 1
RegressionTest0::test306, 1
RegressionTest0::test307, 1
RegressionTest0::test309, 1
RegressionTest0::test318, 1
RegressionTest0::test320, 1
RegressionTest0::test323, 1
RegressionTest0::test326, 1
RegressionTest0::test328, 1
RegressionTest0::test330, 1
RegressionTest0::test332, 1
RegressionTest0::test337, 1
RegressionTest0::test339, 1
RegressionTest0::test340, 1
RegressionTest0::test347, 1
RegressionTest0::test349, 1
RegressionTest0::test351, 1
RegressionTest0::test352, 1
RegressionTest0::test353, 1
RegressionTest0::test354, 1
RegressionTest0::test358, 1
RegressionTest0::test359, 1
RegressionTest0::test360, 1
RegressionTest0::test364, 1
RegressionTest0::test368, 1
RegressionTest0::test369, 1
RegressionTest0::test371, 1
RegressionTest0::test375, 1
RegressionTest0::test376, 1
RegressionTest0::test377, 1
RegressionTest0::test388, 1
RegressionTest0::test392, 1
RegressionTest0::test394, 1
RegressionTest0::test397, 1
RegressionTest0::test405, 1
RegressionTest0::test410, 1
RegressionTest0::test412, 1
RegressionTest0::test413, 1
RegressionTest0::test414, 1
RegressionTest0::test418, 1
RegressionTest0::test419, 1
RegressionTest0::test422, 1
RegressionTest0::test429, 1
RegressionTest0::test430, 1
RegressionTest0::test431, 1
RegressionTest0::test436, 1
RegressionTest0::test439, 1
RegressionTest0::test442, 1
RegressionTest0::test444, 1
RegressionTest0::test446, 1
RegressionTest0::test449, 1
RegressionTest0::test451, 1
RegressionTest0::test454, 1
RegressionTest0::test457, 1
RegressionTest0::test458, 1
RegressionTest0::test460, 1
RegressionTest0::test463, 1
RegressionTest0::test476, 1
RegressionTest0::test477, 1
RegressionTest0::test480, 1
RegressionTest0::test481, 1
RegressionTest0::test483, 1
RegressionTest0::test486, 1
RegressionTest0::test488, 1
RegressionTest0::test493, 1
RegressionTest0::test497, 1
RegressionTest1::test501, 1
RegressionTest1::test502, 1
RegressionTest1::test505, 1
RegressionTest1::test509, 1
RegressionTest1::test511, 1
RegressionTest1::test516, 1
RegressionTest1::test517, 1
RegressionTest1::test519, 1
RegressionTest1::test528, 1
RegressionTest1::test529, 1
RegressionTest1::test531, 1
RegressionTest1::test534, 1
RegressionTest1::test535, 1
RegressionTest1::test546, 1
RegressionTest1::test547, 1
RegressionTest1::test548, 1
RegressionTest1::test552, 1
RegressionTest1::test553, 1
RegressionTest1::test567, 1
RegressionTest1::test570, 1
RegressionTest1::test571, 1
RegressionTest1::test574, 1
RegressionTest1::test577, 1
RegressionTest1::test582, 1
RegressionTest1::test591, 1
RegressionTest1::test598, 1
RegressionTest1::test602, 1
RegressionTest1::test604, 1
RegressionTest1::test605, 1
RegressionTest1::test606, 1
RegressionTest1::test613, 1
RegressionTest1::test620, 1
RegressionTest1::test632, 1
RegressionTest1::test638, 1
RegressionTest1::test639, 1
RegressionTest1::test640, 1
RegressionTest1::test641, 1
RegressionTest1::test642, 1
RegressionTest1::test643, 1
RegressionTest1::test645, 1
RegressionTest1::test646, 1
RegressionTest1::test649, 1
RegressionTest1::test650, 1
RegressionTest1::test652, 1
RegressionTest1::test653, 1
RegressionTest1::test657, 1
RegressionTest1::test664, 1
RegressionTest1::test666, 1
RegressionTest1::test668, 1
RegressionTest1::test672, 1
RegressionTest1::test675, 1
RegressionTest1::test680, 1
RegressionTest1::test681, 1
RegressionTest1::test682, 1
RegressionTest1::test684, 1
RegressionTest1::test685, 1
RegressionTest1::test688, 1
RegressionTest1::test689, 1
RegressionTest1::test690, 1
RegressionTest1::test692, 1
RegressionTest1::test696, 1
RegressionTest1::test697, 1
RegressionTest1::test700, 1
RegressionTest1::test701, 1
RegressionTest1::test702, 1
RegressionTest1::test703, 1
RegressionTest1::test705, 1
RegressionTest1::test708, 1
RegressionTest1::test711, 1
RegressionTest1::test715, 1
RegressionTest1::test717, 1
RegressionTest1::test719, 1
RegressionTest1::test723, 1
RegressionTest1::test725, 1
RegressionTest1::test726, 1
RegressionTest1::test727, 1
RegressionTest1::test728, 1
RegressionTest1::test734, 1
RegressionTest1::test736, 1
RegressionTest1::test739, 1
RegressionTest1::test744, 1
RegressionTest1::test745, 1
RegressionTest1::test746, 1
RegressionTest1::test747, 1
RegressionTest1::test749, 1
